subject	CA	CB
1vk5A00	0.9923	0.9949
5ch8A00	0.9914	0.9948
2wmiA01	0.9589	0.9572
4qfvA02	0.9762	0.9867
1aisB01	0.9969	0.9963
2gu0A02	0.9807	0.9817
3ecqA01	0.9922	0.9951
4nq3A03	0.96	0.9646
3fwzA00	0.9816	0.9875
2ebwA00	0.982	0.9899
2loeA00	0.9951	0.9958
5ix8A01	0.9774	0.981
2dsrG00	0.9821	0.9899
4ogdA01	0.9832	0.9869
1z2zA03	0.982	0.9851
1m2aA00	0.9858	0.9951
2b06A00	0.981	0.9841
4ovdA03	0.975	0.9755
1vpyA00	0.9834	0.9846
2nutA02	0.985	0.9827
3dadA00	0.9967	0.9984
3s6jA01	0.9851	0.9917
3cpxA01	0.9761	0.9789
1hkqA00	0.9967	0.9968
2hu9A02	0.9925	0.986
2y27A02	0.984	0.9818
3elbA02	0.9892	0.9937
1bxbA00	0.9953	0.9978
2hhcA01	0.994	0.9969
3zyyX03	0.983	0.9841
3tigA01	0.9635	0.9754
2o70B00	0.9957	0.9958
1x57A00	0.9831	0.996
3k6kA00	0.9913	0.9965
5teaB00	0.9925	0.9963
1tqnA00	0.9922	0.9927
2iv7A02	0.9946	0.9959
4rs6A01	0.9736	0.9744
4ii2A06	0.9956	0.998
1iq0A02	0.992	0.9938
3vtnA01	0.9594	0.9538
1f49A05	0.9895	0.9915
2p1zA00	0.9717	0.975
2eh3A02	0.9933	0.9928
1ef1C01	0.9823	0.9807
4h79A00	0.9885	0.9901
3v8oA01	0.987	0.9871
2ddmB00	0.9849	0.9855
1g6cB00	0.9943	0.9987
1m4uA01	0.8702	0.8644
4hj1A01	0.9736	0.9757
3cpgA00	0.9808	0.983
1jr3C02	0.9962	0.9951
1wdeA02	0.9879	0.9929
3chtA00	0.9895	0.9913
1zoyA04	0.9789	0.9791
1nbwA03	0.9936	0.9971
1wgfA01	0.9978	0.9868
3e22A03	0.9434	0.9609
4n5xA01	0.9864	0.9892
2dlaA01	0.9741	0.9763
3kflA02	0.9944	0.9955
4uiqB00	0.9981	0.9963
5k3qA00	0.9749	0.9686
3eipA00	0.991	0.9883
3mswA00	0.9536	0.96
1naqB00	0.9881	0.9888
3k89A01	0.9916	0.9943
2r6fA01	0.9845	0.9881
4iu2B02	0.9855	0.9891
2w5qA02	0.9946	0.9967
1zkrB00	0.9943	0.9951
2ef7A00	0.979	0.9798
2yy7A00	0.9966	0.9977
3d1uA01	0.9633	0.9702
4l6wB01	0.9807	0.986
1o5mB00	0.9931	0.9958
2qbyA01	0.9487	0.9503
4l3tA03	0.7872	0.7785
2qpqA02	0.9886	0.9941
2qneA01	0.9869	0.9905
4h3sA03	0.9939	0.9914
2f4lA02	0.8307	0.7833
4k1pE00	0.963	0.9451
1uwwA00	0.9706	0.9764
3hrmA00	0.9864	0.9891
2v3mA00	0.9592	0.9666
3hxkA00	0.9914	0.9955
2kjqA01	0.9904	0.9916
2p2uA01	0.9725	0.9649
1maiA00	0.9962	0.9937
3pdgA00	0.9805	0.9899
5f67B00	0.9886	0.9955
1gl2C00	0.9919	0.9808
1ej6B00	0.9908	0.9914
3h7hB00	0.9879	0.9882
3ousA00	0.9867	0.9911
1nf3C00	0.9876	0.9908
1hqmC01	0.9715	0.9762
1thjA00	0.991	0.9952
